;id;name;image_path;type;region;country;winery;tastes;year
13971471;13971471;Château Pauque Sous la Roche Riesling 2014;Images_saved\img_25.jpg;2;Moselle;Luxembourg;Château Pauque;[['earth', 10, 1100], ['tree_fruit', 8, 1000], ['citrus_fruit', 6, 800], ['oak', 5, 357], ['tropical_fruit', 4, 400], ['microbio', 4, 266], ['spices', 2, 151], ['non_oak', 2, 26], ['floral', 1, 100]];2014
159909639;159909639;Château Pauque Riesling Paradäis 2018;Images_saved\img_26.jpg;2;Moselle;Luxembourg;Château Pauque;[['citrus_fruit', 1, 100], ['earth', 1, 100]];2018
2485297;2485297;Bernard-Massard Cuvée de l'Écusson Brut;Images_saved\img_27.jpg;3;Moselle;Luxembourg;Bernard-Massard;[['tree_fruit', 141, 21100], ['citrus_fruit', 100, 11500], ['microbio', 86, 7527], ['earth', 69, 7696], ['non_oak', 61, 3955], ['oak', 57, 3770], ['vegetal', 17, 1170], ['red_fruit', 13, 1500], ['spices', 10, 282], ['tropical_fruit', 7, 700], ['floral', 4, 600], ['black_fruit', 1, 100]];N.V.
142285398;142285398;Château Pauque Sous la Roche Riesling 2016;Images_saved\img_28.jpg;2;Moselle;Luxembourg;Château Pauque;[['earth', 10, 1100], ['tree_fruit', 8, 1000], ['citrus_fruit', 6, 800], ['oak', 5, 357], ['tropical_fruit', 4, 400], ['microbio', 4, 266], ['spices', 2, 151], ['non_oak', 2, 26], ['floral', 1, 100]];2016
2860113;2860113;Bernard-Massard Sélection Brut;Images_saved\img_29.jpg;3;Luxembourg;Luxembourg;Bernard-Massard;[['tree_fruit', 41, 5500], ['microbio', 31, 2761], ['citrus_fruit', 31, 3900], ['non_oak', 14, 751], ['oak', 10, 701], ['earth', 8, 718], ['vegetal', 5, 430], ['red_fruit', 5, 600], ['tropical_fruit', 4, 333], ['spices', 1, 6]];N.V.
158958145;158958145;Claude Bentz Bech-Mâcher Gottesgof Riesling 2017;Images_saved\img_30.jpg;2;Moselle;Luxembourg;Claude Bentz;[['tree_fruit', 8, 1900], ['citrus_fruit', 6, 800], ['earth', 6, 700], ['microbio', 5, 633], ['vegetal', 4, 400], ['oak', 4, 217], ['non_oak', 3, 150]];2017
161813290;161813290;Madame Aly Duhr & Fils Barrique Pinot Noir 2018;Images_saved\img_31.jpg;1;Moselle;Luxembourg;Madame Aly Duhr & Fils;;2018
27504357;27504357;Domaines Vinsmoselle Auxerrois 2014;Images_saved\img_32.jpg;2;Moselle;Luxembourg;Domaines Vinsmoselle;[['tree_fruit', 9, 1100], ['microbio', 4, 310], ['earth', 4, 520], ['tropical_fruit', 2, 300], ['citrus_fruit', 2, 200], ['vegetal', 1, 10], ['black_fruit', 1, 100], ['non_oak', 1, 50], ['oak', 1, 10]];2014
154280707;154280707;Claude Bentz Bech-Mâcher Gottesgof Riesling 2016;Images_saved\img_33.jpg;2;Moselle;Luxembourg;Claude Bentz;[['tree_fruit', 8, 1900], ['citrus_fruit', 6, 800], ['earth', 6, 700], ['microbio', 5, 633], ['vegetal', 4, 400], ['oak', 4, 217], ['non_oak', 3, 150]];2016
3084750;3084750;Domaine Henri Ruppert Esprit de Schengen;Images_saved\img_34.jpg;3;Crémant de Luxembourg;Luxembourg;Domaine Henri Ruppert;[['tree_fruit', 6, 1000], ['citrus_fruit', 4, 400], ['earth', 3, 220], ['red_fruit', 2, 200], ['non_oak', 2, 167], ['oak', 2, 60], ['floral', 1, 100], ['vegetal', 1, 10], ['microbio', 1, 43]];N.V.
1269006;1269006;Poll Fabaire Cult Brut 2008;Images_saved\img_35.jpg;3;Crémant de Luxembourg;Luxembourg;Poll Fabaire;[['microbio', 4, 181], ['tree_fruit', 3, 300], ['citrus_fruit', 3, 600], ['oak', 3, 319], ['non_oak', 2, 200]];2008
25442475;25442475;Domaines Vinsmoselle Lëtzebuerger Musel Pinot Gris Premier Cru 2014;Images_saved\img_36.jpg;2;Moselle;Luxembourg;Domaines Vinsmoselle;[['tree_fruit', 7, 1100], ['citrus_fruit', 4, 400], ['earth', 3, 300], ['tropical_fruit', 3, 400], ['red_fruit', 2, 200], ['microbio', 2, 66], ['non_oak', 2, 76], ['oak', 2, 252], ['dried_fruit', 1, 100], ['spices', 1, 6], ['floral', 1, 100]];2014
145995804;145995804;Desom Crémant de Luxembourg Brut Millésimie 2016;Images_saved\img_37.jpg;3;Crémant de Luxembourg;Luxembourg;Desom;[['microbio', 11, 1066], ['tree_fruit', 7, 700], ['non_oak', 5, 384], ['citrus_fruit', 2, 200], ['earth', 2, 300], ['oak', 2, 150], ['vegetal', 1, 100], ['tropical_fruit', 1, 100]];2016
147931129;147931129;Domaine Clos des Rochers Grevenmacher Fels Riesling Grand Permier Cru 2014;Images_saved\img_38.jpg;2;Moselle;Luxembourg;Domaine Clos des Rochers;[['citrus_fruit', 12, 1400], ['tropical_fruit', 10, 1400], ['earth', 10, 1370], ['tree_fruit', 7, 700], ['floral', 4, 500], ['spices', 3, 430], ['vegetal', 2, 200], ['dried_fruit', 1, 100], ['oak', 1, 100]];2014
34027278;34027278;Coteaux de Schengen Riesling 2014;Images_saved\img_39.jpg;2;Coteaux de Schengen;Luxembourg;Coteaux de Schengen;[['tree_fruit', 3, 500], ['citrus_fruit', 3, 400], ['earth', 3, 400], ['microbio', 3, 166], ['oak', 2, 234], ['vegetal', 1, 100], ['dried_fruit', 1, 100]];2014
28018334;28018334;Domaine Clos des Rochers Wormeldange Nussbaum Pinot Gris Grand Premier Cru 2014;Images_saved\img_40.jpg;2;Moselle;Luxembourg;Domaine Clos des Rochers;[['citrus_fruit', 7, 700], ['tree_fruit', 5, 700], ['earth', 3, 400], ['spices', 2, 200], ['tropical_fruit', 1, 100], ['floral', 1, 100], ['red_fruit', 1, 100]];2014
1381315;1381315;Domaines Vinsmoselle Sixty Six Rouge 2008;Images_saved\img_41.jpg;1;Moselle;Luxembourg;Domaines Vinsmoselle;[['microbio', 1, 100]];2008
142049679;142049679;Domaines Vinsmoselle Lëtzebuerger Musel Rivaner 2015;Images_saved\img_42.jpg;2;Côtes de Grevenmacher;Luxembourg;Domaines Vinsmoselle;[['citrus_fruit', 8, 900], ['tree_fruit', 6, 900], ['tropical_fruit', 2, 200], ['earth', 2, 200]];2015
14448945;14448945;Château Pauque Clos du Paradis 2010;Images_saved\img_43.jpg;2;Moselle;Luxembourg;Château Pauque;[['oak', 21, 3378], ['microbio', 18, 1076], ['non_oak', 16, 709], ['tree_fruit', 15, 2100], ['spices', 12, 211], ['citrus_fruit', 10, 1325], ['earth', 10, 971], ['vegetal', 6, 330], ['floral', 3, 300], ['tropical_fruit', 2, 200], ['red_fruit', 1, 100], ['dried_fruit', 1, 100], ['black_fruit', 1, 100]];2010
1582619;1582619;Domaine Clos des Rochers Crémant de Luxembourg Brut 2007;Images_saved\img_44.jpg;3;Crémant de Luxembourg;Luxembourg;Domaine Clos des Rochers;[['tree_fruit', 14, 2200], ['citrus_fruit', 8, 1000], ['microbio', 6, 533], ['non_oak', 4, 367], ['vegetal', 3, 300], ['earth', 2, 300], ['tropical_fruit', 2, 200], ['oak', 2, 100], ['floral', 1, 100]];2007
151095385;151095385;Domaine Clos des Rochers Grevenmacher Fels Auxerrois Grand Premier Cru 2016;Images_saved\img_45.jpg;2;Moselle;Luxembourg;Domaine Clos des Rochers;[['earth', 8, 1258], ['tree_fruit', 7, 1000], ['citrus_fruit', 2, 300], ['vegetal', 2, 200], ['microbio', 2, 300], ['red_fruit', 1, 100], ['non_oak', 1, 7], ['oak', 1, 35]];2016
141366839;141366839;Caves St Martin De Nos Rochers Pinot Noir Rouge 2015;Images_saved\img_46.jpg;1;Moselle;Luxembourg;Caves St Martin;[['red_fruit', 8, 1416], ['earth', 3, 253], ['microbio', 3, 175], ['oak', 2, 143], ['non_oak', 2, 23], ['spices', 1, 6], ['vegetal', 1, 100], ['black_fruit', 1, 68], ['dried_fruit', 1, 16], ['citrus_fruit', 1, 100]];2015
5646108;5646108;Caves St Martin De Nos Rochers Pinot Blanc Grand Premier Cru 2013;Images_saved\img_47.jpg;2;Moselle;Luxembourg;Caves St Martin;[['citrus_fruit', 1, 100], ['earth', 1, 100]];2013
2172153;2172153;Domaine Viticole Kohll-Leuck Wousselt Riesling 2011;Images_saved\img_48.jpg;2;Moselle;Luxembourg;Domaine Viticole Kohll-Leuck;[['citrus_fruit', 6, 700], ['tree_fruit', 5, 600], ['earth', 2, 200], ['tropical_fruit', 1, 100], ['spices', 1, 6], ['vegetal', 1, 100], ['microbio', 1, 100], ['non_oak', 1, 9], ['oak', 1, 185]];2011
4649634;4649634;Domaines Vinsmoselle Riesling 2011;Images_saved\img_49.jpg;2;Côtes de Remich;Luxembourg;Domaines Vinsmoselle;[['tree_fruit', 14, 1700], ['citrus_fruit', 12, 1400], ['earth', 10, 1100], ['microbio', 3, 233], ['vegetal', 2, 200], ['spices', 1, 100], ['floral', 1, 100], ['tropical_fruit', 1, 100], ['oak', 1, 67]];2011
7595295;7595295;Domaines Vinsmoselle Riesling 2012;Images_saved\img_50.jpg;2;Côtes de Remich;Luxembourg;Domaines Vinsmoselle;[['tree_fruit', 14, 1700], ['citrus_fruit', 12, 1400], ['earth', 10, 1100], ['microbio', 3, 233], ['vegetal', 2, 200], ['spices', 1, 100], ['floral', 1, 100], ['tropical_fruit', 1, 100], ['oak', 1, 67]];2012
158722009;158722009;Domaines Vinsmoselle Bech-Kleinmacher Enschberg Pinot Blanc 2018;Images_saved\img_51.jpg;2;Moselle;Luxembourg;Domaines Vinsmoselle;[['tree_fruit', 5, 600], ['oak', 3, 270], ['citrus_fruit', 2, 200], ['spices', 2, 12], ['non_oak', 2, 18], ['earth', 1, 100]];2018
153222790;153222790;Domaines Vinsmoselle Schengen Markusberg Gewürztraminer Grand Premier Cru 2016;Images_saved\img_52.jpg;2;Moselle;Luxembourg;Domaines Vinsmoselle;;2016
7650729;7650729;Domaines Vinsmoselle Pinot 2013;Images_saved\img_53.jpg;2;Luxembourg;Luxembourg;Domaines Vinsmoselle;[['earth', 14, 1400], ['tree_fruit', 11, 1400], ['citrus_fruit', 6, 700], ['oak', 3, 202], ['microbio', 3, 300], ['non_oak', 3, 159], ['tropical_fruit', 2, 133], ['spices', 2, 106], ['floral', 1, 200], ['vegetal', 1, 100]];2013
153214678;153214678;Schmit-Fohl Ahn Goellebour Pinot Noir 2016;Images_saved\img_54.jpg;1;Moselle;Luxembourg;Schmit-Fohl;[['red_fruit', 5, 900], ['oak', 5, 382], ['spices', 5, 318], ['earth', 4, 278], ['non_oak', 4, 169], ['microbio', 3, 143], ['black_fruit', 2, 300], ['vegetal', 1, 10], ['tree_fruit', 1, 100], ['citrus_fruit', 1, 200]];2016
10307314;10307314;Bernard-Massard Pinot Blanc Grand Premier Cru 2013;Images_saved\img_55.jpg;2;Côtes de Grevenmacher;Luxembourg;Bernard-Massard;[['tree_fruit', 15, 2800], ['citrus_fruit', 10, 1200], ['earth', 5, 700], ['tropical_fruit', 4, 400], ['vegetal', 2, 200], ['microbio', 2, 200], ['spices', 1, 100]];2013
4220524;4220524;Château de Schengen Auxerrois 2012;Images_saved\img_56.jpg;2;Luxembourg;Luxembourg;Château de Schengen;[['tree_fruit', 6, 800], ['citrus_fruit', 5, 600], ['tropical_fruit', 3, 300], ['earth', 2, 200], ['red_fruit', 1, 100], ['vegetal', 1, 100], ['oak', 1, 100]];2012
148334462;148334462;Madame Aly Duhr & Fils Barrique Pinot Noir 2016;Images_saved\img_57.jpg;1;Moselle;Luxembourg;Madame Aly Duhr & Fils;[['red_fruit', 5, 726], ['spices', 5, 606], ['oak', 5, 989], ['black_fruit', 4, 474], ['earth', 3, 454], ['non_oak', 2, 51]];2016
5775651;5775651;Bernard-Massard Crémant de Luxembourg Millésimé Brut 2011;Images_saved\img_58.jpg;3;Crémant de Luxembourg;Luxembourg;Bernard-Massard;[['citrus_fruit', 35, 4800], ['tree_fruit', 28, 4000], ['microbio', 21, 2514], ['earth', 13, 1508], ['non_oak', 12, 1152], ['oak', 8, 614], ['tropical_fruit', 5, 500], ['vegetal', 3, 300], ['red_fruit', 3, 400], ['spices', 2, 12], ['black_fruit', 1, 100]];2011
152660782;152660782;Domaines Vinsmoselle Auxerrois 2016;Images_saved\img_59.jpg;2;Moselle;Luxembourg;Domaines Vinsmoselle;[['tree_fruit', 9, 1100], ['microbio', 4, 310], ['earth', 4, 520], ['tropical_fruit', 2, 300], ['citrus_fruit', 2, 200], ['vegetal', 1, 10], ['black_fruit', 1, 100], ['non_oak', 1, 50], ['oak', 1, 10]];2016
154544349;154544349;Château de Schengen Auxerrois 2017;Images_saved\img_60.jpg;2;Luxembourg;Luxembourg;Château de Schengen;[['tree_fruit', 6, 800], ['citrus_fruit', 5, 600], ['tropical_fruit', 3, 300], ['earth', 2, 200], ['red_fruit', 1, 100], ['vegetal', 1, 100], ['oak', 1, 100]];2017
22104967;22104967;Domaine Clos des Rochers Domaine & Tradition Pinot Gris 2014;Images_saved\img_61.jpg;2;Moselle;Luxembourg;Domaine Clos des Rochers;[['tree_fruit', 2, 200], ['earth', 2, 200], ['microbio', 1, 100]];2014
157690168;157690168;Domaines Vinsmoselle Auxerrois 2017;Images_saved\img_62.jpg;2;Moselle;Luxembourg;Domaines Vinsmoselle;[['tree_fruit', 9, 1100], ['microbio', 4, 310], ['earth', 4, 520], ['tropical_fruit', 2, 300], ['citrus_fruit', 2, 200], ['vegetal', 1, 10], ['black_fruit', 1, 100], ['non_oak', 1, 50], ['oak', 1, 10]];2017
157325727;157325727;Domaine Thill Riesling Grand Premier Cru 2017;Images_saved\img_63.jpg;2;Coteaux de Schengen;Luxembourg;Domaine Thill;;2017
160864685;160864685;Bernard-Massard Pinot Gris Grand Premier Cru 2018;Images_saved\img_64.jpg;2;Côtes de Grevenmacher;Luxembourg;Bernard-Massard;[['tree_fruit', 9, 1500], ['citrus_fruit', 6, 900], ['microbio', 3, 233], ['vegetal', 2, 200], ['earth', 2, 200], ['non_oak', 2, 167], ['spices', 1, 100]];2018
2645288;2645288;Bernard-Massard Cuvée de l'Écusson Brut 2011;Images_saved\img_65.jpg;3;Moselle;Luxembourg;Bernard-Massard;[['tree_fruit', 141, 21100], ['citrus_fruit', 100, 11500], ['microbio', 86, 7527], ['earth', 69, 7696], ['non_oak', 61, 3955], ['oak', 57, 3770], ['vegetal', 17, 1170], ['red_fruit', 13, 1500], ['spices', 10, 282], ['tropical_fruit', 7, 700], ['floral', 4, 600], ['black_fruit', 1, 100]];2011
2500662;2500662;Gales Rivaner 2012;Images_saved\img_66.jpg;2;Côtes de Remich;Luxembourg;Gales;[['tree_fruit', 8, 1200], ['citrus_fruit', 7, 700], ['vegetal', 5, 600], ['earth', 5, 500], ['tropical_fruit', 3, 333], ['spices', 1, 6], ['microbio', 1, 67], ['non_oak', 1, 9], ['oak', 1, 85]];2012
152195685;152195685;Domaines Vinsmoselle Lëtzebuerger Musel Pinot Gris 2016;Images_saved\img_67.jpg;2;Côtes de Remich;Luxembourg;Domaines Vinsmoselle;[['citrus_fruit', 5, 500], ['tree_fruit', 3, 500], ['microbio', 3, 300], ['tropical_fruit', 1, 100], ['earth', 1, 300]];2016
145191921;145191921;Domaines Vinsmoselle Marquis de Sallanges 2016;Images_saved\img_68.jpg;3;Moselle;Luxembourg;Domaines Vinsmoselle;[['tree_fruit', 1, 100]];2016
14412852;14412852;Château de Schengen Cuvée Victor Hugo Riesling Brut 2015;Images_saved\img_69.jpg;3;Crémant de Luxembourg;Luxembourg;Château de Schengen;[['tree_fruit', 4, 400], ['microbio', 3, 300], ['citrus_fruit', 2, 200], ['non_oak', 2, 100], ['oak', 2, 175], ['spices', 1, 25], ['floral', 1, 100], ['earth', 1, 100]];2015
6043361;6043361;Domaines Vinsmoselle Lëtzebuerger Musel Pinot Gris Premier Cru 2012;Images_saved\img_70.jpg;2;Moselle;Luxembourg;Domaines Vinsmoselle;[['tree_fruit', 7, 1100], ['citrus_fruit', 4, 400], ['earth', 3, 300], ['tropical_fruit', 3, 400], ['red_fruit', 2, 200], ['microbio', 2, 66], ['non_oak', 2, 76], ['oak', 2, 252], ['dried_fruit', 1, 100], ['spices', 1, 6], ['floral', 1, 100]];2012
143813275;143813275;Krier Frères Riesling Remich Primerberg Grand Premier Cru 2015;Images_saved\img_71.jpg;2;Moselle;Luxembourg;Krier Frères;[['tree_fruit', 6, 800], ['citrus_fruit', 3, 400], ['vegetal', 2, 200], ['earth', 2, 300], ['black_fruit', 1, 100], ['microbio', 1, 100]];2015
8710995;8710995;Gales Private Cuvée Blanc de Blancs Brut 2014;Images_saved\img_72.jpg;3;Moselle;Luxembourg;Gales;[['tree_fruit', 18, 2700], ['citrus_fruit', 12, 1300], ['non_oak', 11, 732], ['microbio', 7, 732], ['oak', 6, 436], ['vegetal', 3, 300], ['red_fruit', 2, 300], ['dried_fruit', 1, 100], ['earth', 1, 100], ['tropical_fruit', 1, 100]];2014
153107583;153107583;Mathis Bastian Wellenstein Foulschette Pinot Noir 2016;Images_saved\img_73.jpg;1;Moselle;Luxembourg;Mathis Bastian;[['red_fruit', 7, 900], ['tree_fruit', 3, 400], ['spices', 3, 300], ['black_fruit', 2, 22], ['dried_fruit', 2, 378], ['earth', 2, 200], ['floral', 1, 100], ['microbio', 1, 100]];2016
21255403;21255403;Clos des Eglantiers Rivaner 2014;Images_saved\img_74.jpg;2;Luxembourg;Luxembourg;Clos des Eglantiers;[['citrus_fruit', 10, 1400], ['tree_fruit', 9, 1300], ['tropical_fruit', 5, 500], ['earth', 4, 400], ['floral', 1, 100], ['vegetal', 1, 100], ['microbio', 1, 100], ['non_oak', 1, 100]];2014
17195533;17195533;Domaines Vinsmoselle Vieilles Vignes Riesling Grand Premier Cru 2014;Images_saved\img_75.jpg;2;Moselle;Luxembourg;Domaines Vinsmoselle;[['earth', 6, 620], ['tree_fruit', 5, 800], ['citrus_fruit', 5, 500], ['spices', 3, 218], ['non_oak', 3, 73], ['oak', 3, 169], ['tropical_fruit', 2, 300], ['floral', 1, 100], ['vegetal', 1, 10], ['microbio', 1, 10]];2014
31275391;31275391;Desom Crémant de Luxembourg Brut Millésimie 2014;Images_saved\img_76.jpg;3;Crémant de Luxembourg;Luxembourg;Desom;[['microbio', 11, 1066], ['tree_fruit', 7, 700], ['non_oak', 5, 384], ['citrus_fruit', 2, 200], ['earth', 2, 300], ['oak', 2, 150], ['vegetal', 1, 100], ['tropical_fruit', 1, 100]];2014
152771982;152771982;Cep d'Or Stadtbredimus Primerberg Pinot Gris 2017;Images_saved\img_77.jpg;2;Moselle;Luxembourg;Cep d'Or;[['citrus_fruit', 4, 500], ['tree_fruit', 3, 500], ['microbio', 1, 100]];2017
18566304;18566304;Domaines Vinsmoselle Lëtzebuerger Musel Rivaner 2014;Images_saved\img_78.jpg;2;Côtes de Grevenmacher;Luxembourg;Domaines Vinsmoselle;[['citrus_fruit', 8, 900], ['tree_fruit', 6, 900], ['tropical_fruit', 2, 200], ['earth', 2, 200]];2014
1582616;1582616;Domaine Clos des Rochers Crémant de Luxembourg Brut 2008;Images_saved\img_79.jpg;3;Crémant de Luxembourg;Luxembourg;Domaine Clos des Rochers;[['tree_fruit', 14, 2200], ['citrus_fruit', 8, 1000], ['microbio', 6, 533], ['non_oak', 4, 367], ['vegetal', 3, 300], ['earth', 2, 300], ['tropical_fruit', 2, 200], ['oak', 2, 100], ['floral', 1, 100]];2008
154539690;154539690;Domaines Vinsmoselle Machtum Göllebour Gewürztraminer Grand Premier Cru 2017;Images_saved\img_80.jpg;2;Moselle;Luxembourg;Domaines Vinsmoselle;[['tree_fruit', 7, 800], ['citrus_fruit', 5, 600], ['earth', 4, 400], ['spices', 4, 350], ['floral', 3, 500], ['tropical_fruit', 3, 500], ['oak', 3, 200], ['microbio', 2, 200], ['black_fruit', 1, 100], ['red_fruit', 1, 100], ['non_oak', 1, 50]];2017
8448758;8448758;Domaines Vinsmoselle Lëtzebuerger Musel Pinot Blanc Premier Cru 2012;Images_saved\img_81.jpg;2;Moselle;Luxembourg;Domaines Vinsmoselle;[['tree_fruit', 1, 200], ['floral', 1, 100], ['microbio', 1, 100]];2012
152880610;152880610;Domaines Vinsmoselle Pinot Gris 2016;Images_saved\img_82.jpg;2;Côtes de Remich;Luxembourg;Domaines Vinsmoselle;[['tree_fruit', 8, 1000], ['citrus_fruit', 5, 600], ['earth', 5, 600], ['tropical_fruit', 1, 100], ['floral', 1, 100]];2016
145220011;145220011;Château de Schengen Pinot Blanc 2016;Images_saved\img_83.jpg;2;Luxembourg;Luxembourg;Château de Schengen;[['earth', 8, 865], ['tree_fruit', 7, 900], ['vegetal', 4, 220], ['microbio', 4, 187], ['citrus_fruit', 3, 300], ['tropical_fruit', 2, 233], ['non_oak', 2, 150], ['oak', 2, 45]];2016
107115897;107115897;Château de Schengen Pinot Blanc 2014;Images_saved\img_84.jpg;2;Luxembourg;Luxembourg;Château de Schengen;[['earth', 8, 865], ['tree_fruit', 7, 900], ['vegetal', 4, 220], ['microbio', 4, 187], ['citrus_fruit', 3, 300], ['tropical_fruit', 2, 233], ['non_oak', 2, 150], ['oak', 2, 45]];2014
20700739;20700739;Caves St Martin De Nos Rochers Pinot Blanc Grand Premier Cru 2014;Images_saved\img_85.jpg;2;Moselle;Luxembourg;Caves St Martin;[['citrus_fruit', 1, 100], ['earth', 1, 100]];2014
151338521;151338521;Desom Pinot Noir 2016;Images_saved\img_86.jpg;1;Côtes de Remich;Luxembourg;Desom;[['oak', 8, 974], ['black_fruit', 6, 923], ['spices', 6, 224], ['red_fruit', 5, 345], ['non_oak', 4, 36], ['microbio', 3, 166], ['tree_fruit', 2, 300], ['dried_fruit', 2, 32], ['floral', 1, 100]];2016
148015564;148015564;Bernard-Massard Auxerrois Grand Premier Cru 2016;Images_saved\img_87.jpg;2;Côtes de Grevenmacher;Luxembourg;Bernard-Massard;[['tree_fruit', 15, 2700], ['citrus_fruit', 12, 1400], ['earth', 6, 700], ['microbio', 4, 166], ['oak', 4, 301], ['vegetal', 4, 500], ['red_fruit', 1, 100], ['tropical_fruit', 1, 33]];2016
7456990;7456990;Bernard-Massard Auxerrois Grand Premier Cru 2013;Images_saved\img_88.jpg;2;Côtes de Grevenmacher;Luxembourg;Bernard-Massard;[['tree_fruit', 15, 2700], ['citrus_fruit', 12, 1400], ['earth', 6, 700], ['microbio', 4, 166], ['oak', 4, 301], ['vegetal', 4, 500], ['red_fruit', 1, 100], ['tropical_fruit', 1, 33]];2013
143042288;143042288;Domaine Alice Hartmann La Chapelle Wormeldange Koeppchen Riesling 2016;Images_saved\img_89.jpg;2;Moselle;Luxembourg;Domaine Alice Hartmann;[['citrus_fruit', 4, 600], ['microbio', 4, 350], ['earth', 3, 250], ['tropical_fruit', 2, 200], ['tree_fruit', 2, 200], ['oak', 1, 100]];2016
3259931;3259931;Bernard-Massard Sélection Brut 2008;Images_saved\img_90.jpg;3;Luxembourg;Luxembourg;Bernard-Massard;[['tree_fruit', 41, 5500], ['microbio', 31, 2761], ['citrus_fruit', 31, 3900], ['non_oak', 14, 751], ['oak', 10, 701], ['earth', 8, 718], ['vegetal', 5, 430], ['red_fruit', 5, 600], ['tropical_fruit', 4, 333], ['spices', 1, 6]];2008
145222632;145222632;Domaines Vinsmoselle Schengen Markusberg Gewürztraminer Grand Premier Cru 2015;Images_saved\img_91.jpg;2;Moselle;Luxembourg;Domaines Vinsmoselle;;2015
3135163;3135163;Bernard-Massard Chardonnay Brut 2013;Images_saved\img_92.jpg;3;Moselle;Luxembourg;Bernard-Massard;[['tree_fruit', 11, 1400], ['citrus_fruit', 7, 900], ['microbio', 4, 176], ['non_oak', 3, 184], ['vegetal', 2, 110], ['oak', 2, 110], ['earth', 1, 20]];2013
134057589;134057589;Domaine Henri Ruppert Crémant de Luxembourg La Brute Blanc 2015;Images_saved\img_93.jpg;3;Crémant de Luxembourg;Luxembourg;Domaine Henri Ruppert;[['tree_fruit', 5, 1000], ['microbio', 5, 209], ['citrus_fruit', 4, 400], ['non_oak', 4, 343], ['oak', 4, 312], ['vegetal', 3, 510], ['earth', 2, 220], ['spices', 1, 6]];2015
2554159;2554159;Château de Schengen Riesling 2012;Images_saved\img_94.jpg;2;Luxembourg;Luxembourg;Château de Schengen;[['tree_fruit', 24, 4400], ['citrus_fruit', 23, 3000], ['earth', 22, 2910], ['microbio', 11, 1100], ['vegetal', 6, 600], ['spices', 5, 421], ['tropical_fruit', 4, 600], ['floral', 3, 300], ['non_oak', 2, 109], ['oak', 2, 160]];2012
4639478;4639478;Bernard-Massard Crémant de Luxembourg Millésimé Brut 2013;Images_saved\img_95.jpg;3;Crémant de Luxembourg;Luxembourg;Bernard-Massard;[['citrus_fruit', 35, 4800], ['tree_fruit', 28, 4000], ['microbio', 21, 2514], ['earth', 13, 1508], ['non_oak', 12, 1152], ['oak', 8, 614], ['tropical_fruit', 5, 500], ['vegetal', 3, 300], ['red_fruit', 3, 400], ['spices', 2, 12], ['black_fruit', 1, 100]];2013
154461974;154461974;Château de Schengen Riesling 2017;Images_saved\img_96.jpg;2;Luxembourg;Luxembourg;Château de Schengen;;2017
157781651;157781651;Bernard-Massard Riesling Grand Premier Cru 2017;Images_saved\img_97.jpg;2;Côtes de Grevenmacher;Luxembourg;Bernard-Massard;[['tree_fruit', 16, 2400], ['citrus_fruit', 8, 900], ['vegetal', 3, 400], ['microbio', 3, 300], ['oak', 2, 186], ['non_oak', 2, 114], ['tropical_fruit', 1, 100], ['floral', 1, 100], ['earth', 1, 100], ['spices', 1, 100]];2017
151508198;151508198;Château de Schengen Riesling 2016;Images_saved\img_98.jpg;2;Luxembourg;Luxembourg;Château de Schengen;[['tree_fruit', 24, 4400], ['citrus_fruit', 23, 3000], ['earth', 22, 2910], ['microbio', 11, 1100], ['vegetal', 6, 600], ['spices', 5, 421], ['tropical_fruit', 4, 600], ['floral', 3, 300], ['non_oak', 2, 109], ['oak', 2, 160]];2016
145673151;145673151;Clos des Eglantiers Rivaner 2015;Images_saved\img_99.jpg;2;Luxembourg;Luxembourg;Clos des Eglantiers;;2015
147806321;147806321;Domaine Clos des Rochers Domaine & Tradition Riesling 2015;Images_saved\img_100.jpg;2;Moselle;Luxembourg;Domaine Clos des Rochers;[['tree_fruit', 3, 400], ['earth', 2, 200], ['citrus_fruit', 1, 100]];2015
26277704;26277704;Domaines Vinsmoselle Lëtzebuerger Musel Pinot Gris 2014;Images_saved\img_101.jpg;2;Côtes de Remich;Luxembourg;Domaines Vinsmoselle;[['citrus_fruit', 5, 500], ['tree_fruit', 3, 500], ['microbio', 3, 300], ['tropical_fruit', 1, 100], ['earth', 1, 300]];2014
152684668;152684668;Domaines Vinsmoselle Lëtzebuerger Musel Pinot Gris Premier Cru 2016;Images_saved\img_102.jpg;2;Moselle;Luxembourg;Domaines Vinsmoselle;[['tree_fruit', 7, 1100], ['citrus_fruit', 4, 400], ['earth', 3, 300], ['tropical_fruit', 3, 400], ['red_fruit', 2, 200], ['microbio', 2, 66], ['non_oak', 2, 76], ['oak', 2, 252], ['dried_fruit', 1, 100], ['spices', 1, 6], ['floral', 1, 100]];2016
2158458;2158458;Domaines Vinsmoselle Lëtzebuerger Musel Pinot Gris Premier Cru 2011;Images_saved\img_103.jpg;2;Moselle;Luxembourg;Domaines Vinsmoselle;[['tree_fruit', 7, 1100], ['citrus_fruit', 4, 400], ['earth', 3, 300], ['tropical_fruit', 3, 400], ['red_fruit', 2, 200], ['microbio', 2, 66], ['non_oak', 2, 76], ['oak', 2, 252], ['dried_fruit', 1, 100], ['spices', 1, 6], ['floral', 1, 100]];2011
25442496;25442496;Domaines Vinsmoselle Lëtzebuerger Musel Pinot Gris Premier Cru 2015;Images_saved\img_104.jpg;2;Moselle;Luxembourg;Domaines Vinsmoselle;[['tree_fruit', 7, 1100], ['citrus_fruit', 4, 400], ['earth', 3, 300], ['tropical_fruit', 3, 400], ['red_fruit', 2, 200], ['microbio', 2, 66], ['non_oak', 2, 76], ['oak', 2, 252], ['dried_fruit', 1, 100], ['spices', 1, 6], ['floral', 1, 100]];2015
26197056;26197056;Château Edmond de la Fontaine Pinot Noir Rosé 2014;Images_saved\img_105.jpg;4;Moselle;Luxembourg;Château Edmond de la Fontaine;[['red_fruit', 5, 600], ['tree_fruit', 2, 200], ['tropical_fruit', 1, 100], ['vegetal', 1, 100]];2014
6717763;6717763;Domaines Vinsmoselle Vieilles Vignes Riesling Grand Premier Cru 2013;Images_saved\img_106.jpg;2;Moselle;Luxembourg;Domaines Vinsmoselle;[['earth', 6, 620], ['tree_fruit', 5, 800], ['citrus_fruit', 5, 500], ['spices', 3, 218], ['non_oak', 3, 73], ['oak', 3, 169], ['tropical_fruit', 2, 300], ['floral', 1, 100], ['vegetal', 1, 10], ['microbio', 1, 10]];2013
152374172;152374172;Domaines Vinsmoselle Crémant de Luxembourg Brut 2017;Images_saved\img_107.jpg;3;Crémant de Luxembourg;Luxembourg;Domaines Vinsmoselle;[['tree_fruit', 58, 9200], ['citrus_fruit', 35, 4300], ['microbio', 27, 2349], ['earth', 23, 2286], ['non_oak', 21, 1464], ['oak', 20, 1145], ['vegetal', 13, 1050], ['floral', 9, 900], ['tropical_fruit', 2, 200], ['spices', 2, 106], ['red_fruit', 1, 100]];2017
150928536;150928536;Domaine Clos des Rochers Grevenmacher Fels Riesling Grand Permier Cru 2015;Images_saved\img_108.jpg;2;Moselle;Luxembourg;Domaine Clos des Rochers;[['citrus_fruit', 12, 1400], ['tropical_fruit', 10, 1400], ['earth', 10, 1370], ['tree_fruit', 7, 700], ['floral', 4, 500], ['spices', 3, 430], ['vegetal', 2, 200], ['dried_fruit', 1, 100], ['oak', 1, 100]];2015
10479450;10479450;St 52 Grand Premier Cru Grauburgunder Trocken 2012;Images_saved\img_109.jpg;2;Moselle;Luxembourg;St 52;[['tree_fruit', 1, 100], ['spices', 1, 100]];2012
148585829;148585829;Coteaux de Schengen Riesling 2015;Images_saved\img_110.jpg;2;Coteaux de Schengen;Luxembourg;Coteaux de Schengen;[['tree_fruit', 3, 500], ['citrus_fruit', 3, 400], ['earth', 3, 400], ['microbio', 3, 166], ['oak', 2, 234], ['vegetal', 1, 100], ['dried_fruit', 1, 100]];2015
2398475;2398475;Château Edmond de la Fontaine Pinot Noir Rouge 2012;Images_saved\img_111.jpg;1;Moselle;Luxembourg;Château Edmond de la Fontaine;[['red_fruit', 9, 1000], ['oak', 7, 769], ['earth', 6, 542], ['non_oak', 6, 83], ['tropical_fruit', 1, 100], ['tree_fruit', 1, 100], ['spices', 1, 106]];2012
20444560;20444560;Domaine Alice Hartmann Les Terrasses Wormeldange Koeppchen Riesling 2014;Images_saved\img_112.jpg;2;Moselle;Luxembourg;Domaine Alice Hartmann;[['earth', 11, 1300], ['tropical_fruit', 8, 800], ['tree_fruit', 7, 900], ['citrus_fruit', 7, 800], ['microbio', 7, 666], ['oak', 2, 134], ['floral', 1, 100]];2014
7639454;7639454;Domaine Viticole Kohll-Leuck Wousselt Riesling 2013;Images_saved\img_113.jpg;2;Moselle;Luxembourg;Domaine Viticole Kohll-Leuck;[['citrus_fruit', 6, 700], ['tree_fruit', 5, 600], ['earth', 2, 200], ['tropical_fruit', 1, 100], ['spices', 1, 6], ['vegetal', 1, 100], ['microbio', 1, 100], ['non_oak', 1, 9], ['oak', 1, 185]];2013
147175787;147175787;Bernard-Massard Rivaner 2015;Images_saved\img_114.jpg;2;Côtes de Grevenmacher;Luxembourg;Bernard-Massard;[['tree_fruit', 6, 700], ['citrus_fruit', 5, 500], ['earth', 2, 200], ['vegetal', 1, 100]];2015
2685907;2685907;Madame Aly Duhr & Fils Barrique White 2009;Images_saved\img_115.jpg;2;Moselle;Luxembourg;Madame Aly Duhr & Fils;[['oak', 18, 2304], ['microbio', 11, 1040], ['non_oak', 10, 920], ['spices', 7, 306], ['tree_fruit', 7, 900], ['earth', 6, 720], ['black_fruit', 4, 387], ['red_fruit', 4, 313], ['vegetal', 3, 510], ['citrus_fruit', 2, 200], ['tropical_fruit', 1, 100]];2009
154315879;154315879;Domaine Henri Ruppert Barrique Pinot Blanc 2016;Images_saved\img_116.jpg;2;Moselle;Luxembourg;Domaine Henri Ruppert;[['oak', 9, 1041], ['microbio', 5, 399], ['non_oak', 4, 36], ['spices', 4, 49], ['vegetal', 2, 225], ['tree_fruit', 2, 200], ['citrus_fruit', 2, 300], ['black_fruit', 1, 11], ['tropical_fruit', 1, 100], ['floral', 1, 25], ['dried_fruit', 1, 89], ['earth', 1, 125]];2016
2132384;2132384;Gales Cuvée Première Rosé Brut 2008;Images_saved\img_117.jpg;3;Moselle;Luxembourg;Gales;[['red_fruit', 11, 2000], ['microbio', 6, 733], ['non_oak', 4, 140], ['oak', 4, 321], ['citrus_fruit', 3, 300], ['earth', 2, 200], ['spices', 1, 6], ['dried_fruit', 1, 100]];2008
6753500;6753500;Mathis Bastian Remich Primerberg Riesling 2013;Images_saved\img_118.jpg;2;Moselle;Luxembourg;Mathis Bastian;[['earth', 10, 1200], ['tree_fruit', 9, 1100], ['tropical_fruit', 6, 399], ['microbio', 3, 201], ['citrus_fruit', 1, 100], ['floral', 1, 100], ['non_oak', 1, 100]];2013
62521033;62521033;Clos des Eglantiers Riesling Premier Cru 2014;Images_saved\img_119.jpg;2;Luxembourg;Luxembourg;Clos des Eglantiers;[['tropical_fruit', 2, 200], ['tree_fruit', 2, 200], ['citrus_fruit', 1, 100], ['spices', 1, 6], ['vegetal', 1, 100], ['non_oak', 1, 9], ['oak', 1, 85]];2014
3018847;3018847;Domaines Vinsmoselle Rivaner 2013;Images_saved\img_120.jpg;2;Côtes de Remich;Luxembourg;Domaines Vinsmoselle;[['tree_fruit', 20, 2700], ['citrus_fruit', 16, 1800], ['earth', 12, 1300], ['vegetal', 7, 800], ['microbio', 7, 700], ['tropical_fruit', 4, 500], ['oak', 3, 195], ['floral', 3, 300], ['non_oak', 3, 193], ['spices', 2, 12]];2013
53356676;53356676;Domaines Vinsmoselle Lëtzebuerger Musel Riesling 2015;Images_saved\img_121.jpg;2;Côtes de Remich;Luxembourg;Domaines Vinsmoselle;[['tree_fruit', 2, 200], ['citrus_fruit', 1, 200], ['earth', 1, 100]];2015
2028539;2028539;Desom Crémant de Luxembourg Brut Elégance 2012;Images_saved\img_122.jpg;3;Crémant de Luxembourg;Luxembourg;Desom;[['tree_fruit', 27, 4200], ['citrus_fruit', 12, 1500], ['microbio', 8, 599], ['non_oak', 8, 507], ['oak', 7, 794], ['vegetal', 3, 300], ['red_fruit', 3, 216], ['tropical_fruit', 3, 400], ['dried_fruit', 2, 116], ['earth', 2, 200], ['black_fruit', 1, 68]];2012
80074768;80074768;Bernard-Massard Riesling Grand Premier Cru 2014;Images_saved\img_123.jpg;2;Côtes de Grevenmacher;Luxembourg;Bernard-Massard;[['tree_fruit', 16, 2400], ['citrus_fruit', 8, 900], ['vegetal', 3, 400], ['microbio', 3, 300], ['oak', 2, 186], ['non_oak', 2, 114], ['tropical_fruit', 1, 100], ['floral', 1, 100], ['earth', 1, 100], ['spices', 1, 100]];2014
142495770;142495770;Caves St Martin Rivaner 2015;Images_saved\img_124.jpg;2;Moselle;Luxembourg;Caves St Martin;[['tropical_fruit', 4, 600], ['tree_fruit', 3, 400], ['vegetal', 2, 200], ['earth', 2, 200], ['citrus_fruit', 1, 100], ['floral', 1, 100]];2015
145696838;145696838;Bernard-Massard Crémant de Luxembourg Millésimé Brut 2015;Images_saved\img_125.jpg;3;Crémant de Luxembourg;Luxembourg;Bernard-Massard;[['citrus_fruit', 35, 4800], ['tree_fruit', 28, 4000], ['microbio', 21, 2514], ['earth', 13, 1508], ['non_oak', 12, 1152], ['oak', 8, 614], ['tropical_fruit', 5, 500], ['vegetal', 3, 300], ['red_fruit', 3, 400], ['spices', 2, 12], ['black_fruit', 1, 100]];2015
149922965;149922965;Cep d'Or Crémant de Luxembourg Brut 2013;Images_saved\img_126.jpg;3;Crémant de Luxembourg;Luxembourg;Cep d'Or;[['tree_fruit', 7, 1500], ['microbio', 5, 500], ['earth', 4, 400], ['citrus_fruit', 1, 200], ['spices', 1, 100], ['vegetal', 1, 100], ['tropical_fruit', 1, 100]];2013
150181941;150181941;Château Edmond de la Fontaine Pinot Noir Rouge 2016;Images_saved\img_127.jpg;1;Moselle;Luxembourg;Château Edmond de la Fontaine;[['red_fruit', 9, 1000], ['oak', 7, 769], ['earth', 6, 542], ['non_oak', 6, 83], ['tropical_fruit', 1, 100], ['tree_fruit', 1, 100], ['spices', 1, 106]];2016
3375736;3375736;Bernard-Massard Cuvée de l'Écusson Brut 2013;Images_saved\img_128.jpg;3;Moselle;Luxembourg;Bernard-Massard;[['tree_fruit', 141, 21100], ['citrus_fruit', 100, 11500], ['microbio', 86, 7527], ['earth', 69, 7696], ['non_oak', 61, 3955], ['oak', 57, 3770], ['vegetal', 17, 1170], ['red_fruit', 13, 1500], ['spices', 10, 282], ['tropical_fruit', 7, 700], ['floral', 4, 600], ['black_fruit', 1, 100]];2013
3439170;3439170;Domaines Vinsmoselle Lëtzebuerger Musel Pinot Gris 2012;Images_saved\img_129.jpg;2;Côtes de Remich;Luxembourg;Domaines Vinsmoselle;[['citrus_fruit', 5, 500], ['tree_fruit', 3, 500], ['microbio', 3, 300], ['tropical_fruit', 1, 100], ['earth', 1, 300]];2012
4308508;4308508;Château Pauque Fossiles 2004;Images_saved\img_130.jpg;2;Moselle;Luxembourg;Château Pauque;[['oak', 15, 2103], ['non_oak', 13, 530], ['microbio', 12, 891], ['tree_fruit', 12, 1300], ['earth', 8, 978], ['citrus_fruit', 5, 425], ['spices', 3, 63], ['vegetal', 2, 210], ['tropical_fruit', 2, 200], ['red_fruit', 1, 100]];2004
4009098;4009098;Château Pauque Fossiles 2006;Images_saved\img_131.jpg;2;Moselle;Luxembourg;Château Pauque;[['oak', 15, 2103], ['non_oak', 13, 530], ['microbio', 12, 891], ['tree_fruit', 12, 1300], ['earth', 8, 978], ['citrus_fruit', 5, 425], ['spices', 3, 63], ['vegetal', 2, 210], ['tropical_fruit', 2, 200], ['red_fruit', 1, 100]];2006
152168430;152168430;Château Edmond de la Fontaine Pinot Gris Grand Premier Cru 2016;Images_saved\img_132.jpg;2;Moselle;Luxembourg;Château Edmond de la Fontaine;[['earth', 3, 300], ['tropical_fruit', 2, 200], ['citrus_fruit', 2, 200], ['microbio', 1, 100]];2016
19130203;19130203;Art & Vin 25 Wormeldange Koeppchen Grand Premier Cru Riesling 2013;Images_saved\img_133.jpg;2;Moselle;Luxembourg;Art & Vin;[['tree_fruit', 1, 100], ['citrus_fruit', 1, 100], ['earth', 1, 100], ['microbio', 1, 33], ['oak', 1, 67]];2013
142770804;142770804;Château Edmond de la Fontaine Pinot Noir Rosé 2015;Images_saved\img_134.jpg;4;Moselle;Luxembourg;Château Edmond de la Fontaine;[['red_fruit', 5, 600], ['tree_fruit', 2, 200], ['tropical_fruit', 1, 100], ['vegetal', 1, 100]];2015
7008988;7008988;Château Edmond de la Fontaine Pinot Noir Rosé 2013;Images_saved\img_135.jpg;4;Moselle;Luxembourg;Château Edmond de la Fontaine;[['red_fruit', 5, 600], ['tree_fruit', 2, 200], ['tropical_fruit', 1, 100], ['vegetal', 1, 100]];2013
157361327;157361327;Château Edmond de la Fontaine Pinot Noir Rosé 2018;Images_saved\img_136.jpg;4;Moselle;Luxembourg;Château Edmond de la Fontaine;[['red_fruit', 5, 600], ['tree_fruit', 2, 200], ['tropical_fruit', 1, 100], ['vegetal', 1, 100]];2018
31260801;31260801;Desom Crémant de Luxembourg Brut Millésimie 2015;Images_saved\img_137.jpg;3;Crémant de Luxembourg;Luxembourg;Desom;[['microbio', 11, 1066], ['tree_fruit', 7, 700], ['non_oak', 5, 384], ['citrus_fruit', 2, 200], ['earth', 2, 300], ['oak', 2, 150], ['vegetal', 1, 100], ['tropical_fruit', 1, 100]];2015
33801695;33801695;Desom Remich Primerberg Grand Premier Cru Riesling 2014;Images_saved\img_138.jpg;2;Moselle;Luxembourg;Desom;[['tree_fruit', 11, 1300], ['earth', 7, 800], ['citrus_fruit', 6, 600], ['floral', 1, 100]];2014
148832573;148832573;Domaine Clos des Rochers Grevenmacher Fels Riesling Grand Permier Cru 2016;Images_saved\img_139.jpg;2;Moselle;Luxembourg;Domaine Clos des Rochers;[['citrus_fruit', 12, 1400], ['tropical_fruit', 10, 1400], ['earth', 10, 1370], ['tree_fruit', 7, 700], ['floral', 4, 500], ['spices', 3, 430], ['vegetal', 2, 200], ['dried_fruit', 1, 100], ['oak', 1, 100]];2016
154876488;154876488;Schmit-Fohl Crémant de Luxembourg Rosé Brut 2016;Images_saved\img_140.jpg;3;Crémant de Luxembourg;Luxembourg;Schmit-Fohl;[['tree_fruit', 4, 400], ['non_oak', 3, 250], ['spices', 2, 200], ['vegetal', 2, 210], ['oak', 2, 110], ['earth', 1, 20], ['microbio', 1, 10]];2016
27068464;27068464;Domaine Alice Hartmann Clos du Kreizerberg - Grevenmacher Pinot Noir 2014;Images_saved\img_141.jpg;1;Moselle;Luxembourg;Domaine Alice Hartmann;[['red_fruit', 8, 826], ['spices', 4, 130], ['oak', 4, 518], ['black_fruit', 3, 574], ['non_oak', 3, 52], ['floral', 2, 200], ['microbio', 2, 150], ['earth', 1, 50]];2014
27068431;27068431;Domaine Alice Hartmann Clos du Kreizerberg - Grevenmacher Chardonnay 2015;Images_saved\img_142.jpg;2;Moselle;Luxembourg;Domaine Alice Hartmann;[['oak', 15, 2007], ['tree_fruit', 9, 1400], ['non_oak', 9, 154], ['earth', 8, 800], ['microbio', 8, 665], ['spices', 8, 174], ['vegetal', 4, 800], ['floral', 1, 100], ['tropical_fruit', 1, 100], ['citrus_fruit', 1, 100]];2015
22324530;22324530;Château Edmond de la Fontaine Pinot Noir Rouge 2014;Images_saved\img_143.jpg;1;Moselle;Luxembourg;Château Edmond de la Fontaine;[['red_fruit', 9, 1000], ['oak', 7, 769], ['earth', 6, 542], ['non_oak', 6, 83], ['tropical_fruit', 1, 100], ['tree_fruit', 1, 100], ['spices', 1, 106]];2014
2022678;2022678;Château Edmond de la Fontaine Pinot Noir Rouge 2011;Images_saved\img_144.jpg;1;Moselle;Luxembourg;Château Edmond de la Fontaine;[['red_fruit', 9, 1000], ['oak', 7, 769], ['earth', 6, 542], ['non_oak', 6, 83], ['tropical_fruit', 1, 100], ['tree_fruit', 1, 100], ['spices', 1, 106]];2011
23623915;23623915;Château Edmond de la Fontaine Pinot Noir Rouge 2015;Images_saved\img_145.jpg;1;Moselle;Luxembourg;Château Edmond de la Fontaine;[['red_fruit', 9, 1000], ['oak', 7, 769], ['earth', 6, 542], ['non_oak', 6, 83], ['tropical_fruit', 1, 100], ['tree_fruit', 1, 100], ['spices', 1, 106]];2015
26246946;26246946;Domaines Vinsmoselle Lëtzebuerger Musel Pinot Blanc Premier Cru 2014;Images_saved\img_146.jpg;2;Moselle;Luxembourg;Domaines Vinsmoselle;[['tree_fruit', 1, 200], ['floral', 1, 100], ['microbio', 1, 100]];2014
156804047;156804047;Domaines Vinsmoselle Pinot Gris 2018;Images_saved\img_147.jpg;2;Côtes de Remich;Luxembourg;Domaines Vinsmoselle;[['tree_fruit', 8, 1000], ['citrus_fruit', 5, 600], ['earth', 5, 600], ['tropical_fruit', 1, 100], ['floral', 1, 100]];2018
3638769;3638769;Domaines Vinsmoselle Pinot Gris 2011;Images_saved\img_148.jpg;2;Côtes de Remich;Luxembourg;Domaines Vinsmoselle;[['tree_fruit', 8, 1000], ['citrus_fruit', 5, 600], ['earth', 5, 600], ['tropical_fruit', 1, 100], ['floral', 1, 100]];2011
152516480;152516480;Château de Schengen Pinot Gris 2017;Images_saved\img_149.jpg;2;Luxembourg;Luxembourg;Château de Schengen;;2017
143817605;143817605;Domaine Viticole Kohll-Leuck Wousselt Riesling 2015;Images_saved\img_150.jpg;2;Moselle;Luxembourg;Domaine Viticole Kohll-Leuck;[['citrus_fruit', 6, 700], ['tree_fruit', 5, 600], ['earth', 2, 200], ['tropical_fruit', 1, 100], ['spices', 1, 6], ['vegetal', 1, 100], ['microbio', 1, 100], ['non_oak', 1, 9], ['oak', 1, 185]];2015
3840454;3840454;Desom Remich Primerberg Grand Premier Cru Auxerrois 2013;Images_saved\img_151.jpg;2;Moselle;Luxembourg;Desom;[['microbio', 3, 300], ['tropical_fruit', 2, 400], ['earth', 2, 200]];2013
8470729;8470729;Bernard-Massard Pinot Gris Grand Premier Cru 2013;Images_saved\img_152.jpg;2;Côtes de Grevenmacher;Luxembourg;Bernard-Massard;[['tree_fruit', 9, 1500], ['citrus_fruit', 6, 900], ['microbio', 3, 233], ['vegetal', 2, 200], ['earth', 2, 200], ['non_oak', 2, 167], ['spices', 1, 100]];2013
4022079;4022079;Bernard-Massard Rivaner 2012;Images_saved\img_153.jpg;2;Côtes de Grevenmacher;Luxembourg;Bernard-Massard;[['tree_fruit', 6, 700], ['citrus_fruit', 5, 500], ['earth', 2, 200], ['vegetal', 1, 100]];2012
4239295;4239295;Bernard-Massard Rivaner 2013;Images_saved\img_154.jpg;2;Côtes de Grevenmacher;Luxembourg;Bernard-Massard;[['tree_fruit', 6, 700], ['citrus_fruit', 5, 500], ['earth', 2, 200], ['vegetal', 1, 100]];2013
8692909;8692909;Bernard-Massard Sélection Demi-Sec 2013;Images_saved\img_155.jpg;3;Crémant de Luxembourg;Luxembourg;Bernard-Massard;[['tree_fruit', 9, 1100], ['microbio', 4, 266], ['citrus_fruit', 4, 600], ['spices', 2, 106], ['non_oak', 2, 176], ['oak', 2, 152], ['dried_fruit', 1, 100], ['vegetal', 1, 100], ['earth', 1, 200], ['red_fruit', 1, 100]];2013
3042815;3042815;Domaine Thill Pinot Gris Grand Premier Cru 2011;Images_saved\img_156.jpg;2;Coteaux de Schengen;Luxembourg;Domaine Thill;[['tree_fruit', 4, 500], ['earth', 2, 200], ['citrus_fruit', 1, 200], ['oak', 1, 100]];2011
4591810;4591810;Madame Aly Duhr & Fils Barrique White 2002;Images_saved\img_157.jpg;2;Moselle;Luxembourg;Madame Aly Duhr & Fils;[['oak', 18, 2304], ['microbio', 11, 1040], ['non_oak', 10, 920], ['spices', 7, 306], ['tree_fruit', 7, 900], ['earth', 6, 720], ['black_fruit', 4, 387], ['red_fruit', 4, 313], ['vegetal', 3, 510], ['citrus_fruit', 2, 200], ['tropical_fruit', 1, 100]];2002
4202010;4202010;Bernard-Massard Sélection Brut 2013;Images_saved\img_158.jpg;3;Luxembourg;Luxembourg;Bernard-Massard;[['tree_fruit', 41, 5500], ['microbio', 31, 2761], ['citrus_fruit', 31, 3900], ['non_oak', 14, 751], ['oak', 10, 701], ['earth', 8, 718], ['vegetal', 5, 430], ['red_fruit', 5, 600], ['tropical_fruit', 4, 333], ['spices', 1, 6]];2013
18788420;18788420;Domaines Vinsmoselle Pinot 2014;Images_saved\img_159.jpg;2;Luxembourg;Luxembourg;Domaines Vinsmoselle;[['earth', 14, 1400], ['tree_fruit', 11, 1400], ['citrus_fruit', 6, 700], ['oak', 3, 202], ['microbio', 3, 300], ['non_oak', 3, 159], ['tropical_fruit', 2, 133], ['spices', 2, 106], ['floral', 1, 200], ['vegetal', 1, 100]];2014
17574959;17574959;Château de Schengen Auxerrois 2015;Images_saved\img_160.jpg;2;Luxembourg;Luxembourg;Château de Schengen;[['tree_fruit', 6, 800], ['citrus_fruit', 5, 600], ['tropical_fruit', 3, 300], ['earth', 2, 200], ['red_fruit', 1, 100], ['vegetal', 1, 100], ['oak', 1, 100]];2015
80183800;80183800;Bernard-Massard Crémant de Luxembourg Millésimé Brut 2014;Images_saved\img_161.jpg;3;Crémant de Luxembourg;Luxembourg;Bernard-Massard;[['citrus_fruit', 35, 4800], ['tree_fruit', 28, 4000], ['microbio', 21, 2514], ['earth', 13, 1508], ['non_oak', 12, 1152], ['oak', 8, 614], ['tropical_fruit', 5, 500], ['vegetal', 3, 300], ['red_fruit', 3, 400], ['spices', 2, 12], ['black_fruit', 1, 100]];2014
144013435;144013435;Bernard-Massard Gewürztraminer Grand Premier Cru 2015;Images_saved\img_162.jpg;2;Côtes de Grevenmacher;Luxembourg;Bernard-Massard;[['tree_fruit', 12, 1300], ['citrus_fruit', 7, 900], ['tropical_fruit', 6, 866], ['microbio', 4, 400], ['earth', 3, 300], ['oak', 2, 134], ['spices', 1, 100], ['floral', 1, 100], ['red_fruit', 1, 100]];2015
13214181;13214181;Domaines Vinsmoselle Auxerrois 2013;Images_saved\img_163.jpg;2;Moselle;Luxembourg;Domaines Vinsmoselle;[['tree_fruit', 9, 1100], ['microbio', 4, 310], ['earth', 4, 520], ['tropical_fruit', 2, 300], ['citrus_fruit', 2, 200], ['vegetal', 1, 10], ['black_fruit', 1, 100], ['non_oak', 1, 50], ['oak', 1, 10]];2013
58435707;58435707;Château Pauque Clos du Paradis 2014;Images_saved\img_164.jpg;2;Moselle;Luxembourg;Château Pauque;[['oak', 21, 3378], ['microbio', 18, 1076], ['non_oak', 16, 709], ['tree_fruit', 15, 2100], ['spices', 12, 211], ['citrus_fruit', 10, 1325], ['earth', 10, 971], ['vegetal', 6, 330], ['floral', 3, 300], ['tropical_fruit', 2, 200], ['red_fruit', 1, 100], ['dried_fruit', 1, 100], ['black_fruit', 1, 100]];2014
151112542;151112542;Bernard-Massard Crémant de Luxembourg Millésimé Brut 2016;Images_saved\img_165.jpg;3;Crémant de Luxembourg;Luxembourg;Bernard-Massard;[['citrus_fruit', 35, 4800], ['tree_fruit', 28, 4000], ['microbio', 21, 2514], ['earth', 13, 1508], ['non_oak', 12, 1152], ['oak', 8, 614], ['tropical_fruit', 5, 500], ['vegetal', 3, 300], ['red_fruit', 3, 400], ['spices', 2, 12], ['black_fruit', 1, 100]];2016
3763771;3763771;Bernard-Massard Sélection Demi-Sec;Images_saved\img_166.jpg;3;Crémant de Luxembourg;Luxembourg;Bernard-Massard;[['tree_fruit', 9, 1100], ['microbio', 4, 266], ['citrus_fruit', 4, 600], ['spices', 2, 106], ['non_oak', 2, 176], ['oak', 2, 152], ['dried_fruit', 1, 100], ['vegetal', 1, 100], ['earth', 1, 200], ['red_fruit', 1, 100]];N.V.
157751963;157751963;Château de Schengen Pinot Blanc 2017;Images_saved\img_167.jpg;2;Luxembourg;Luxembourg;Château de Schengen;[['earth', 8, 865], ['tree_fruit', 7, 900], ['vegetal', 4, 220], ['microbio', 4, 187], ['citrus_fruit', 3, 300], ['tropical_fruit', 2, 233], ['non_oak', 2, 150], ['oak', 2, 45]];2017
26950979;26950979;Gales Rivaner 2015;Images_saved\img_168.jpg;2;Côtes de Remich;Luxembourg;Gales;[['tree_fruit', 8, 1200], ['citrus_fruit', 7, 700], ['vegetal', 5, 600], ['earth', 5, 500], ['tropical_fruit', 3, 333], ['spices', 1, 6], ['microbio', 1, 67], ['non_oak', 1, 9], ['oak', 1, 85]];2015
154470524;154470524;Gales Rivaner 2017;Images_saved\img_169.jpg;2;Côtes de Remich;Luxembourg;Gales;[['tree_fruit', 8, 1200], ['citrus_fruit', 7, 700], ['vegetal', 5, 600], ['earth', 5, 500], ['tropical_fruit', 3, 333], ['spices', 1, 6], ['microbio', 1, 67], ['non_oak', 1, 9], ['oak', 1, 85]];2017
14641464;14641464;Domaines Vinsmoselle Lëtzebuerger Musel Pinot Gris 2015;Images_saved\img_170.jpg;2;Côtes de Remich;Luxembourg;Domaines Vinsmoselle;[['citrus_fruit', 5, 500], ['tree_fruit', 3, 500], ['microbio', 3, 300], ['tropical_fruit', 1, 100], ['earth', 1, 300]];2015
1274115;1274115;Château Pauque Sous la Roche Riesling 2009;Images_saved\img_171.jpg;2;Moselle;Luxembourg;Château Pauque;[['earth', 10, 1100], ['tree_fruit', 8, 1000], ['citrus_fruit', 6, 800], ['oak', 5, 357], ['tropical_fruit', 4, 400], ['microbio', 4, 266], ['spices', 2, 151], ['non_oak', 2, 26], ['floral', 1, 100]];2009
23566056;23566056;Krier Frères Riesling Remich Primerberg Grand Premier Cru 2014;Images_saved\img_172.jpg;2;Moselle;Luxembourg;Krier Frères;[['tree_fruit', 6, 800], ['citrus_fruit', 3, 400], ['vegetal', 2, 200], ['earth', 2, 300], ['black_fruit', 1, 100], ['microbio', 1, 100]];2014
2046495;2046495;Gales Private Cuvée Blanc de Blancs Brut 2008;Images_saved\img_173.jpg;3;Moselle;Luxembourg;Gales;[['tree_fruit', 18, 2700], ['citrus_fruit', 12, 1300], ['non_oak', 11, 732], ['microbio', 7, 732], ['oak', 6, 436], ['vegetal', 3, 300], ['red_fruit', 2, 300], ['dried_fruit', 1, 100], ['earth', 1, 100], ['tropical_fruit', 1, 100]];2008
24757387;24757387;Desom Wormeldange Köppchen Grand Premier Cru Riesling 2014;Images_saved\img_174.jpg;2;Moselle;Luxembourg;Desom;[['tropical_fruit', 2, 200], ['citrus_fruit', 2, 200], ['earth', 1, 100]];2014
2876232;2876232;Poll Fabaire Brut 2013;Images_saved\img_175.jpg;3;Crémant de Luxembourg;Luxembourg;Poll Fabaire;[['tree_fruit', 36, 5700], ['earth', 26, 2630], ['citrus_fruit', 26, 3200], ['non_oak', 24, 2019], ['oak', 19, 1024], ['microbio', 14, 1028], ['vegetal', 6, 430], ['tropical_fruit', 4, 333], ['spices', 2, 36], ['red_fruit', 2, 200], ['dried_fruit', 1, 100]];2013
149895275;149895275;A. Gloden & Fils Pinot Noir 2014;Images_saved\img_176.jpg;1;Coteaux de Schengen;Luxembourg;A. Gloden & Fils;[['tree_fruit', 1, 100], ['earth', 1, 100]];2014
23185084;23185084;Mathis Bastian Wellenstein Foulschette Pinot Noir 2014;Images_saved\img_177.jpg;1;Moselle;Luxembourg;Mathis Bastian;[['red_fruit', 7, 900], ['tree_fruit', 3, 400], ['spices', 3, 300], ['black_fruit', 2, 22], ['dried_fruit', 2, 378], ['earth', 2, 200], ['floral', 1, 100], ['microbio', 1, 100]];2014
147364936;147364936;Mathis Bastian Remich Goldberg Auxerrois 2015;Images_saved\img_178.jpg;2;Moselle;Luxembourg;Mathis Bastian;[['tree_fruit', 4, 600], ['tropical_fruit', 2, 200], ['earth', 1, 100]];2015
144036524;144036524;Mathis Bastian Wellenstein Foulschette Pinot Noir 2015;Images_saved\img_179.jpg;1;Moselle;Luxembourg;Mathis Bastian;[['red_fruit', 7, 900], ['tree_fruit', 3, 400], ['spices', 3, 300], ['black_fruit', 2, 22], ['dried_fruit', 2, 378], ['earth', 2, 200], ['floral', 1, 100], ['microbio', 1, 100]];2015
141861383;141861383;Domaines Vinsmoselle Bech-Kleinmacher Naumberg Auxerrois Grand Premier Cru 2015;Images_saved\img_180.jpg;2;Moselle;Luxembourg;Domaines Vinsmoselle;[['tree_fruit', 1, 300], ['citrus_fruit', 1, 100]];2015
143473396;143473396;Domaines Vinsmoselle Vieilles Vignes Riesling Grand Premier Cru 2015;Images_saved\img_181.jpg;2;Moselle;Luxembourg;Domaines Vinsmoselle;[['earth', 6, 620], ['tree_fruit', 5, 800], ['citrus_fruit', 5, 500], ['spices', 3, 218], ['non_oak', 3, 73], ['oak', 3, 169], ['tropical_fruit', 2, 300], ['floral', 1, 100], ['vegetal', 1, 10], ['microbio', 1, 10]];2015
142049687;142049687;Domaines Vinsmoselle Lëtzebuerger Musel Rivaner 2016;Images_saved\img_182.jpg;2;Côtes de Grevenmacher;Luxembourg;Domaines Vinsmoselle;[['citrus_fruit', 8, 900], ['tree_fruit', 6, 900], ['tropical_fruit', 2, 200], ['earth', 2, 200]];2016
20444531;20444531;Domaine Alice Hartmann Clos du Kreizerberg - Grevenmacher Chardonnay 2014;Images_saved\img_183.jpg;2;Moselle;Luxembourg;Domaine Alice Hartmann;[['oak', 15, 2007], ['tree_fruit', 9, 1400], ['non_oak', 9, 154], ['earth', 8, 800], ['microbio', 8, 665], ['spices', 8, 174], ['vegetal', 4, 800], ['floral', 1, 100], ['tropical_fruit', 1, 100], ['citrus_fruit', 1, 100]];2014
8062211;8062211;Desom Remich Primerberg Rivaner Vin Classé 2013;Images_saved\img_184.jpg;2;Moselle;Luxembourg;Desom;[['citrus_fruit', 2, 200], ['red_fruit', 1, 200], ['tree_fruit', 1, 100]];2013
143128306;143128306;Desom Bech Kleinmacher Enschberg Pinot Noir 2016;Images_saved\img_185.jpg;1;Moselle;Luxembourg;Desom;[['red_fruit', 7, 800], ['oak', 7, 1285], ['non_oak', 6, 72], ['spices', 5, 232], ['earth', 3, 111]];2016
6194855;6194855;Caves St Martin Auxerrois Grand Premier Cru 2014;Images_saved\img_186.jpg;2;Côtes de Remich;Luxembourg;Caves St Martin;[['earth', 2, 300], ['tree_fruit', 2, 400], ['red_fruit', 1, 100], ['citrus_fruit', 1, 100], ['spices', 1, 6], ['floral', 1, 100], ['vegetal', 1, 100], ['tropical_fruit', 1, 100], ['microbio', 1, 100], ['non_oak', 1, 9], ['oak', 1, 85]];2014
154440127;154440127;Caves St Martin Pinot Gris Grand Premier Cru 2014;Images_saved\img_187.jpg;2;Côtes de Remich;Luxembourg;Caves St Martin;[['earth', 5, 820], ['citrus_fruit', 4, 500], ['tree_fruit', 3, 400], ['microbio', 2, 43], ['floral', 2, 200], ['oak', 2, 77], ['vegetal', 1, 10], ['tropical_fruit', 1, 100], ['non_oak', 1, 50]];2014
21074546;21074546;Desom Remich Primerberg Grand Premier Cru Auxerrois 2014;Images_saved\img_188.jpg;2;Moselle;Luxembourg;Desom;[['microbio', 3, 300], ['tropical_fruit', 2, 400], ['earth', 2, 200]];2014
3828643;3828643;Bernard-Massard Sélection Demi-Sec 2008;Images_saved\img_189.jpg;3;Crémant de Luxembourg;Luxembourg;Bernard-Massard;[['tree_fruit', 9, 1100], ['microbio', 4, 266], ['citrus_fruit', 4, 600], ['spices', 2, 106], ['non_oak', 2, 176], ['oak', 2, 152], ['dried_fruit', 1, 100], ['vegetal', 1, 100], ['earth', 1, 200], ['red_fruit', 1, 100]];2008
161361882;161361882;Madame Aly Duhr & Fils Barrique White 2018;Images_saved\img_190.jpg;2;Moselle;Luxembourg;Madame Aly Duhr & Fils;[['oak', 18, 2304], ['microbio', 11, 1040], ['non_oak', 10, 920], ['spices', 7, 306], ['tree_fruit', 7, 900], ['earth', 6, 720], ['black_fruit', 4, 387], ['red_fruit', 4, 313], ['vegetal', 3, 510], ['citrus_fruit', 2, 200], ['tropical_fruit', 1, 100]];2018
43373718;43373718;Domaine Henri Ruppert Barrique Pinot Blanc 2014;Images_saved\img_191.jpg;2;Moselle;Luxembourg;Domaine Henri Ruppert;[['oak', 9, 1041], ['microbio', 5, 399], ['non_oak', 4, 36], ['spices', 4, 49], ['vegetal', 2, 225], ['tree_fruit', 2, 200], ['citrus_fruit', 2, 300], ['black_fruit', 1, 11], ['tropical_fruit', 1, 100], ['floral', 1, 25], ['dried_fruit', 1, 89], ['earth', 1, 125]];2014
23052793;23052793;Mathis Bastian Remich Primerberg Riesling 2014;Images_saved\img_192.jpg;2;Moselle;Luxembourg;Mathis Bastian;[['earth', 10, 1200], ['tree_fruit', 9, 1100], ['tropical_fruit', 6, 399], ['microbio', 3, 201], ['citrus_fruit', 1, 100], ['floral', 1, 100], ['non_oak', 1, 100]];2014
153271730;153271730;Domaines Vinsmoselle Pinot 2017;Images_saved\img_193.jpg;2;Luxembourg;Luxembourg;Domaines Vinsmoselle;[['earth', 14, 1400], ['tree_fruit', 11, 1400], ['citrus_fruit', 6, 700], ['oak', 3, 202], ['microbio', 3, 300], ['non_oak', 3, 159], ['tropical_fruit', 2, 133], ['spices', 2, 106], ['floral', 1, 200], ['vegetal', 1, 100]];2017
159892187;159892187;Domaines Vinsmoselle Rivaner 2019;Images_saved\img_194.jpg;2;Côtes de Remich;Luxembourg;Domaines Vinsmoselle;[['tree_fruit', 20, 2700], ['citrus_fruit', 16, 1800], ['earth', 12, 1300], ['vegetal', 7, 800], ['microbio', 7, 700], ['tropical_fruit', 4, 500], ['oak', 3, 195], ['floral', 3, 300], ['non_oak', 3, 193], ['spices', 2, 12]];2019
153154321;153154321;Domaines Vinsmoselle Rivaner 2016;Images_saved\img_195.jpg;2;Côtes de Remich;Luxembourg;Domaines Vinsmoselle;[['tree_fruit', 20, 2700], ['citrus_fruit', 16, 1800], ['earth', 12, 1300], ['vegetal', 7, 800], ['microbio', 7, 700], ['tropical_fruit', 4, 500], ['oak', 3, 195], ['floral', 3, 300], ['non_oak', 3, 193], ['spices', 2, 12]];2016
155016220;155016220;Château de Schengen Auxerrois 2016;Images_saved\img_196.jpg;2;Luxembourg;Luxembourg;Château de Schengen;[['tree_fruit', 6, 800], ['citrus_fruit', 5, 600], ['tropical_fruit', 3, 300], ['earth', 2, 200], ['red_fruit', 1, 100], ['vegetal', 1, 100], ['oak', 1, 100]];2016
152720293;152720293;Château Pauque Pinot Gris Schengen 2001;Images_saved\img_197.jpg;2;Moselle;Luxembourg;Château Pauque;[['earth', 5, 600], ['tropical_fruit', 1, 300], ['tree_fruit', 1, 100], ['floral', 1, 100]];2001
159290010;159290010;Bernard-Massard Pinot Blanc Grand Premier Cru 2018;Images_saved\img_198.jpg;2;Côtes de Grevenmacher;Luxembourg;Bernard-Massard;[['tree_fruit', 15, 2800], ['citrus_fruit', 10, 1200], ['earth', 5, 700], ['tropical_fruit', 4, 400], ['vegetal', 2, 200], ['microbio', 2, 200], ['spices', 1, 100]];2018
2565118;2565118;Château Pauque Sous la Roche Riesling 2011;Images_saved\img_199.jpg;2;Moselle;Luxembourg;Château Pauque;[['earth', 10, 1100], ['tree_fruit', 8, 1000], ['citrus_fruit', 6, 800], ['oak', 5, 357], ['tropical_fruit', 4, 400], ['microbio', 4, 266], ['spices', 2, 151], ['non_oak', 2, 26], ['floral', 1, 100]];2011
12804550;12804550;Domaines Vinsmoselle Lëtzebuerger Musel Pinot Gris Premier Cru 2013;Images_saved\img_200.jpg;2;Moselle;Luxembourg;Domaines Vinsmoselle;[['tree_fruit', 7, 1100], ['citrus_fruit', 4, 400], ['earth', 3, 300], ['tropical_fruit', 3, 400], ['red_fruit', 2, 200], ['microbio', 2, 66], ['non_oak', 2, 76], ['oak', 2, 252], ['dried_fruit', 1, 100], ['spices', 1, 6], ['floral', 1, 100]];2013
111203393;111203393;Domaines Vinsmoselle Schengen Markusberg Pinot Gris Grand Premier Cru 2015;Images_saved\img_201.jpg;2;Moselle;Luxembourg;Domaines Vinsmoselle;[['tree_fruit', 4, 600], ['citrus_fruit', 2, 200], ['vegetal', 2, 200], ['earth', 2, 300], ['microbio', 2, 200], ['non_oak', 2, 109], ['spices', 1, 6], ['floral', 1, 100], ['oak', 1, 85]];2015
12027446;12027446;Poll Fabaire Brut 2010;Images_saved\img_202.jpg;3;Crémant de Luxembourg;Luxembourg;Poll Fabaire;[['tree_fruit', 36, 5700], ['earth', 26, 2630], ['citrus_fruit', 26, 3200], ['non_oak', 24, 2019], ['oak', 19, 1024], ['microbio', 14, 1028], ['vegetal', 6, 430], ['tropical_fruit', 4, 333], ['spices', 2, 36], ['red_fruit', 2, 200], ['dried_fruit', 1, 100]];2010
144942308;144942308;Château Edmond de la Fontaine Chardonnay Grand Premier Cru 2015;Images_saved\img_203.jpg;2;Moselle;Luxembourg;Château Edmond de la Fontaine;[['oak', 6, 562], ['non_oak', 3, 93], ['tree_fruit', 2, 300], ['citrus_fruit', 2, 400], ['spices', 2, 12], ['red_fruit', 1, 100], ['tropical_fruit', 1, 100], ['floral', 1, 100], ['vegetal', 1, 100], ['earth', 1, 100], ['microbio', 1, 33]];2015
1574531;1574531;Gales Auxerrois Remich Hopertsbour Grand Premier Cru 2011;Images_saved\img_204.jpg;2;Moselle;Luxembourg;Gales;[['tree_fruit', 3, 300], ['citrus_fruit', 3, 400], ['tropical_fruit', 2, 200], ['vegetal', 2, 200], ['earth', 2, 200]];2011
5118017;5118017;Domaines Vinsmoselle Lëtzebuerger Musel Rivaner 2013;Images_saved\img_205.jpg;2;Côtes de Grevenmacher;Luxembourg;Domaines Vinsmoselle;[['citrus_fruit', 8, 900], ['tree_fruit', 6, 900], ['tropical_fruit', 2, 200], ['earth', 2, 200]];2013
7175963;7175963;Château Edmond de la Fontaine Pinot Noir Rouge 2013;Images_saved\img_206.jpg;1;Moselle;Luxembourg;Château Edmond de la Fontaine;[['red_fruit', 9, 1000], ['oak', 7, 769], ['earth', 6, 542], ['non_oak', 6, 83], ['tropical_fruit', 1, 100], ['tree_fruit', 1, 100], ['spices', 1, 106]];2013
151155171;151155171;Desom Bech Kleinmacher Enschberg Pinot Noir 2015;Images_saved\img_207.jpg;1;Moselle;Luxembourg;Desom;[['red_fruit', 7, 800], ['oak', 7, 1285], ['non_oak', 6, 72], ['spices', 5, 232], ['earth', 3, 111]];2015
154531015;154531015;Domaines Vinsmoselle Pinot Gris 2017;Images_saved\img_208.jpg;2;Côtes de Remich;Luxembourg;Domaines Vinsmoselle;[['tree_fruit', 8, 1000], ['citrus_fruit', 5, 600], ['earth', 5, 600], ['tropical_fruit', 1, 100], ['floral', 1, 100]];2017
150339128;150339128;Caves St Martin De Nos Rochers Pinot Noir Rouge 2016;Images_saved\img_209.jpg;1;Moselle;Luxembourg;Caves St Martin;[['red_fruit', 8, 1416], ['earth', 3, 253], ['microbio', 3, 175], ['oak', 2, 143], ['non_oak', 2, 23], ['spices', 1, 6], ['vegetal', 1, 100], ['black_fruit', 1, 68], ['dried_fruit', 1, 16], ['citrus_fruit', 1, 100]];2016
13845505;13845505;Desom Pinot Noir 2013;Images_saved\img_210.jpg;1;Côtes de Remich;Luxembourg;Desom;[['oak', 8, 974], ['black_fruit', 6, 923], ['spices', 6, 224], ['red_fruit', 5, 345], ['non_oak', 4, 36], ['microbio', 3, 166], ['tree_fruit', 2, 300], ['dried_fruit', 2, 32], ['floral', 1, 100]];2013
16617461;16617461;Bernard-Massard Auxerrois Grand Premier Cru 2014;Images_saved\img_211.jpg;2;Côtes de Grevenmacher;Luxembourg;Bernard-Massard;[['tree_fruit', 15, 2700], ['citrus_fruit', 12, 1400], ['earth', 6, 700], ['microbio', 4, 166], ['oak', 4, 301], ['vegetal', 4, 500], ['red_fruit', 1, 100], ['tropical_fruit', 1, 33]];2014
143943465;143943465;Bernard-Massard Pinot Gris Grand Premier Cru 2015;Images_saved\img_212.jpg;2;Côtes de Grevenmacher;Luxembourg;Bernard-Massard;[['tree_fruit', 9, 1500], ['citrus_fruit', 6, 900], ['microbio', 3, 233], ['vegetal', 2, 200], ['earth', 2, 200], ['non_oak', 2, 167], ['spices', 1, 100]];2015
2130211;2130211;Bernard-Massard Rivaner 2011;Images_saved\img_213.jpg;2;Côtes de Grevenmacher;Luxembourg;Bernard-Massard;[['tree_fruit', 6, 700], ['citrus_fruit', 5, 500], ['earth', 2, 200], ['vegetal', 1, 100]];2011
142325704;142325704;Domaine Alice Hartmann La Chapelle Wormeldange Koeppchen Riesling 2015;Images_saved\img_214.jpg;2;Moselle;Luxembourg;Domaine Alice Hartmann;[['citrus_fruit', 4, 600], ['microbio', 4, 350], ['earth', 3, 250], ['tropical_fruit', 2, 200], ['tree_fruit', 2, 200], ['oak', 1, 100]];2015
142435982;142435982;Madame Aly Duhr & Fils Pinot Gris 2015;Images_saved\img_215.jpg;2;Côtes de Grevenmacher;Luxembourg;Madame Aly Duhr & Fils;[['vegetal', 5, 800], ['tree_fruit', 4, 900], ['earth', 3, 500], ['citrus_fruit', 2, 200], ['microbio', 2, 300], ['spices', 1, 6], ['non_oak', 1, 9], ['oak', 1, 85]];2015
147471331;147471331;Domaines Vinsmoselle Pinot 2011;Images_saved\img_216.jpg;2;Luxembourg;Luxembourg;Domaines Vinsmoselle;[['earth', 14, 1400], ['tree_fruit', 11, 1400], ['citrus_fruit', 6, 700], ['oak', 3, 202], ['microbio', 3, 300], ['non_oak', 3, 159], ['tropical_fruit', 2, 133], ['spices', 2, 106], ['floral', 1, 200], ['vegetal', 1, 100]];2011
3871787;3871787;Domaines Vinsmoselle Rivaner 2012;Images_saved\img_217.jpg;2;Côtes de Remich;Luxembourg;Domaines Vinsmoselle;[['tree_fruit', 20, 2700], ['citrus_fruit', 16, 1800], ['earth', 12, 1300], ['vegetal', 7, 800], ['microbio', 7, 700], ['tropical_fruit', 4, 500], ['oak', 3, 195], ['floral', 3, 300], ['non_oak', 3, 193], ['spices', 2, 12]];2012
2049668;2049668;Domaines Vinsmoselle Rivaner 2011;Images_saved\img_218.jpg;2;Côtes de Remich;Luxembourg;Domaines Vinsmoselle;[['tree_fruit', 20, 2700], ['citrus_fruit', 16, 1800], ['earth', 12, 1300], ['vegetal', 7, 800], ['microbio', 7, 700], ['tropical_fruit', 4, 500], ['oak', 3, 195], ['floral', 3, 300], ['non_oak', 3, 193], ['spices', 2, 12]];2011
162035391;162035391;Château de Schengen Auxerrois 2018;Images_saved\img_219.jpg;2;Luxembourg;Luxembourg;Château de Schengen;[['tree_fruit', 6, 800], ['citrus_fruit', 5, 600], ['tropical_fruit', 3, 300], ['earth', 2, 200], ['red_fruit', 1, 100], ['vegetal', 1, 100], ['oak', 1, 100]];2018
86085453;86085453;Bernard-Massard Riesling Grand Premier Cru 2013;Images_saved\img_220.jpg;2;Côtes de Grevenmacher;Luxembourg;Bernard-Massard;[['tree_fruit', 16, 2400], ['citrus_fruit', 8, 900], ['vegetal', 3, 400], ['microbio', 3, 300], ['oak', 2, 186], ['non_oak', 2, 114], ['tropical_fruit', 1, 100], ['floral', 1, 100], ['earth', 1, 100], ['spices', 1, 100]];2013
21155419;21155419;Château de Schengen Riesling 2015;Images_saved\img_221.jpg;2;Luxembourg;Luxembourg;Château de Schengen;[['tree_fruit', 24, 4400], ['citrus_fruit', 23, 3000], ['earth', 22, 2910], ['microbio', 11, 1100], ['vegetal', 6, 600], ['spices', 5, 421], ['tropical_fruit', 4, 600], ['floral', 3, 300], ['non_oak', 2, 109], ['oak', 2, 160]];2015
11975321;11975321;Château Pauque Sous la Roche Riesling 2013;Images_saved\img_222.jpg;2;Moselle;Luxembourg;Château Pauque;[['earth', 10, 1100], ['tree_fruit', 8, 1000], ['citrus_fruit', 6, 800], ['oak', 5, 357], ['tropical_fruit', 4, 400], ['microbio', 4, 266], ['spices', 2, 151], ['non_oak', 2, 26], ['floral', 1, 100]];2013
155195193;155195193;Bernard-Massard Rose Nice;Images_saved\img_223.jpg;3;Moselle;Luxembourg;Bernard-Massard;;N.V.
142312736;142312736;Château Pauque Fossiles 2015;Images_saved\img_224.jpg;2;Moselle;Luxembourg;Château Pauque;;2015
